prompt_id,num_correct,pass_at_1,pass_at_32
gsm8k_validation_00000,453,0.884765625,1.0
gsm8k_validation_00001,50,0.09765625,0.9665572479213965
gsm8k_validation_00002,185,0.361328125,0.9999996707426031
gsm8k_validation_00003,2,0.00390625,0.12120841487279843
gsm8k_validation_00004,267,0.521484375,0.9999999999815171
gsm8k_validation_00005,252,0.4921875,0.9999999998593987
gsm8k_validation_00006,169,0.330078125,0.9999983623448044
gsm8k_validation_00007,305,0.595703125,0.9999999999999443
gsm8k_validation_00008,391,0.763671875,1.0
gsm8k_validation_00009,372,0.7265625,1.0
gsm8k_validation_00010,195,0.380859375,0.999999884213034
gsm8k_validation_00011,449,0.876953125,1.0
gsm8k_validation_00012,99,0.193359375,0.9991908574292968
gsm8k_validation_00013,231,0.451171875,0.999999998029213
gsm8k_validation_00014,297,0.580078125,0.9999999999997928
gsm8k_validation_00015,120,0.234375,0.9998576734757635
gsm8k_validation_00016,288,0.5625,0.9999999999991475
gsm8k_validation_00017,306,0.59765625,0.9999999999999529
gsm8k_validation_00018,51,0.099609375,0.9688736290177501
gsm8k_validation_00019,434,0.84765625,1.0
gsm8k_validation_00020,15,0.029296875,0.625447168463267
gsm8k_validation_00021,310,0.60546875,0.9999999999999761
gsm8k_validation_00022,14,0.02734375,0.5997268023491567
gsm8k_validation_00023,304,0.59375,0.9999999999999342
gsm8k_validation_00024,62,0.12109375,0.9860195340124581
gsm8k_validation_00025,250,0.48828125,0.9999999998174559
gsm8k_validation_00026,64,0.125,0.9879392273970578
gsm8k_validation_00027,353,0.689453125,1.0
gsm8k_validation_00028,108,0.2109375,0.999611336599136
gsm8k_validation_00029,6,0.01171875,0.3224004675972123
gsm8k_validation_00030,252,0.4921875,0.9999999998593987
gsm8k_validation_00031,72,0.140625,0.9933658514787809
gsm8k_validation_00032,228,0.4453125,0.9999999971752548
gsm8k_validation_00033,137,0.267578125,0.9999675835043224
gsm8k_validation_00034,429,0.837890625,1.0
gsm8k_validation_00035,131,0.255859375,0.9999449259442857
gsm8k_validation_00036,303,0.591796875,0.9999999999999222
gsm8k_validation_00037,220,0.4296875,0.9999999927643772
gsm8k_validation_00038,57,0.111328125,0.9798347389782548
gsm8k_validation_00039,171,0.333984375,0.9999986540642644
gsm8k_validation_00040,24,0.046875,0.7952653082756964
gsm8k_validation_00041,151,0.294921875,0.99999091427402
gsm8k_validation_00042,294,0.57421875,0.9999999999996657
gsm8k_validation_00043,302,0.58984375,0.9999999999999082
gsm8k_validation_00044,6,0.01171875,0.3224004675972123
gsm8k_validation_00045,227,0.443359375,0.9999999968179747
gsm8k_validation_00046,12,0.0234375,0.5430545818285224
gsm8k_validation_00047,303,0.591796875,0.9999999999999222
gsm8k_validation_00048,94,0.18359375,0.9987926372833745
gsm8k_validation_00049,123,0.240234375,0.9998898363319031
gsm8k_validation_00050,68,0.1328125,0.9910425056577723
gsm8k_validation_00051,9,0.017578125,0.4432218966329915
gsm8k_validation_00052,472,0.921875,1.0
gsm8k_validation_00053,374,0.73046875,1.0
gsm8k_validation_00054,94,0.18359375,0.9987926372833745
gsm8k_validation_00055,326,0.63671875,0.9999999999999987
gsm8k_validation_00056,258,0.50390625,0.9999999999365856
gsm8k_validation_00057,57,0.111328125,0.9798347389782548
gsm8k_validation_00058,110,0.21484375,0.9996705389450407
gsm8k_validation_00059,15,0.029296875,0.625447168463267
gsm8k_validation_00060,230,0.44921875,0.9999999977769524
gsm8k_validation_00061,105,0.205078125,0.9995027927979497
gsm8k_validation_00062,218,0.42578125,0.9999999908851596
gsm8k_validation_00063,214,0.41796875,0.9999999856070995
gsm8k_validation_00064,56,0.109375,0.9783128324860476
gsm8k_validation_00065,210,0.41015625,0.9999999774185353
gsm8k_validation_00066,26,0.05078125,0.8212611764947719
gsm8k_validation_00067,325,0.634765625,0.9999999999999983
gsm8k_validation_00068,10,0.01953125,0.4786431676225428
gsm8k_validation_00069,197,0.384765625,0.9999999064429479
gsm8k_validation_00070,341,0.666015625,0.9999999999999999
gsm8k_validation_00071,103,0.201171875,0.999414682260423
gsm8k_validation_00072,388,0.7578125,1.0
gsm8k_validation_00073,195,0.380859375,0.999999884213034
gsm8k_validation_00074,42,0.08203125,0.9409522507311175
gsm8k_validation_00075,156,0.3046875,0.9999943033085685
gsm8k_validation_00076,230,0.44921875,0.9999999977769524
gsm8k_validation_00077,64,0.125,0.9879392273970578
gsm8k_validation_00078,247,0.482421875,0.9999999997310216
gsm8k_validation_00079,30,0.05859375,0.8640067269797213
gsm8k_validation_00080,143,0.279296875,0.9999810893825244
gsm8k_validation_00081,7,0.013671875,0.3652526119388907
gsm8k_validation_00082,67,0.130859375,0.9903484625126118
gsm8k_validation_00083,6,0.01171875,0.3224004675972123
gsm8k_validation_00084,1,0.001953125,0.0625
gsm8k_validation_00085,348,0.6796875,1.0
gsm8k_validation_00086,241,0.470703125,0.9999999994240144
gsm8k_validation_00087,28,0.0546875,0.84404656603567
gsm8k_validation_00088,81,0.158203125,0.9966593745584406
gsm8k_validation_00089,96,0.1875,0.9989706253753875
gsm8k_validation_00090,24,0.046875,0.7952653082756964
gsm8k_validation_00091,265,0.517578125,0.999999999975591
gsm8k_validation_00092,92,0.1796875,0.9985849936674409
gsm8k_validation_00093,45,0.087890625,0.9522329048729926
gsm8k_validation_00094,29,0.056640625,0.8543575368762868
gsm8k_validation_00095,52,0.1015625,0.9710342447909214
gsm8k_validation_00096,466,0.91015625,1.0
gsm8k_validation_00097,145,0.283203125,0.9999842311252651
gsm8k_validation_00098,243,0.474609375,0.9999999995522316
gsm8k_validation_00099,46,0.08984375,0.9555060248816954
gsm8k_validation_00100,238,0.46484375,0.9999999991627598
gsm8k_validation_00101,419,0.818359375,1.0
gsm8k_validation_00102,410,0.80078125,1.0
gsm8k_validation_00103,126,0.24609375,0.9999149072296166
gsm8k_validation_00104,11,0.021484375,0.5118770692880379
gsm8k_validation_00105,230,0.44921875,0.9999999977769524
gsm8k_validation_00106,2,0.00390625,0.12120841487279843
gsm8k_validation_00107,45,0.087890625,0.9522329048729926
gsm8k_validation_00108,377,0.736328125,1.0
gsm8k_validation_00109,85,0.166015625,0.9975491165577718
gsm8k_validation_00110,351,0.685546875,1.0
gsm8k_validation_00111,56,0.109375,0.9783128324860476
gsm8k_validation_00112,234,0.45703125,0.9999999986306354
gsm8k_validation_00113,31,0.060546875,0.8730353260184119
gsm8k_validation_00114,51,0.099609375,0.9688736290177501
gsm8k_validation_00115,371,0.724609375,1.0
gsm8k_validation_00116,382,0.74609375,1.0
gsm8k_validation_00117,323,0.630859375,0.9999999999999977
gsm8k_validation_00118,81,0.158203125,0.9966593745584406
gsm8k_validation_00119,35,0.068359375,0.903683672470903
gsm8k_validation_00120,56,0.109375,0.9783128324860476
gsm8k_validation_00121,18,0.03515625,0.693364985729912
gsm8k_validation_00122,133,0.259765625,0.9999537998741911
gsm8k_validation_00123,261,0.509765625,0.999999999957733
gsm8k_validation_00124,179,0.349609375,0.9999993933947429
gsm8k_validation_00125,213,0.416015625,0.9999999838821075
gsm8k_validation_00126,278,0.54296875,0.9999999999961717
gsm8k_validation_00127,123,0.240234375,0.9998898363319031
gsm8k_validation_00128,376,0.734375,1.0
gsm8k_validation_00129,142,0.27734375,0.9999792990282071
gsm8k_validation_00130,11,0.021484375,0.5118770692880379
gsm8k_validation_00131,373,0.728515625,1.0
gsm8k_validation_00132,379,0.740234375,1.0
gsm8k_validation_00133,160,0.3125,0.9999960981118656
gsm8k_validation_00134,317,0.619140625,0.999999999999993
gsm8k_validation_00135,86,0.16796875,0.9977327893215922
gsm8k_validation_00136,164,0.3203125,0.9999973395285273
gsm8k_validation_00137,15,0.029296875,0.625447168463267
gsm8k_validation_00138,158,0.30859375,0.9999952827175844
gsm8k_validation_00139,162,0.31640625,0.9999967762177807
gsm8k_validation_00140,274,0.53515625,0.999999999993152
gsm8k_validation_00141,3,0.005859375,0.1763482790376425
gsm8k_validation_00142,11,0.021484375,0.5118770692880379
gsm8k_validation_00143,313,0.611328125,0.9999999999999858
gsm8k_validation_00144,137,0.267578125,0.9999675835043224
gsm8k_validation_00145,116,0.2265625,0.999800362043307
gsm8k_validation_00146,120,0.234375,0.9998576734757635
gsm8k_validation_00147,219,0.427734375,0.999999991877251
gsm8k_validation_00148,269,0.525390625,0.9999999999860386
gsm8k_validation_00149,254,0.49609375,0.999999999891937
gsm8k_validation_00150,176,0.34375,0.9999991801893309
gsm8k_validation_00151,91,0.177734375,0.9984685921182329
gsm8k_validation_00152,190,0.37109375,0.9999998039115104
gsm8k_validation_00153,9,0.017578125,0.4432218966329915
gsm8k_validation_00154,1,0.001953125,0.0625
gsm8k_validation_00155,218,0.42578125,0.9999999908851596
gsm8k_validation_00156,62,0.12109375,0.9860195340124581
gsm8k_validation_00157,80,0.15625,0.9963921245231159
gsm8k_validation_00158,2,0.00390625,0.12120841487279843
gsm8k_validation_00159,28,0.0546875,0.84404656603567
gsm8k_validation_00160,47,0.091796875,0.9585614051473301
gsm8k_validation_00161,124,0.2421875,0.9998988986387902
gsm8k_validation_00162,399,0.779296875,1.0
gsm8k_validation_00163,142,0.27734375,0.9999792990282071
gsm8k_validation_00164,40,0.078125,0.9320406749044119
gsm8k_validation_00165,431,0.841796875,1.0
gsm8k_validation_00166,13,0.025390625,0.5722990885914971
gsm8k_validation_00167,38,0.07421875,0.9218322374843217
gsm8k_validation_00168,177,0.345703125,0.9999992582665375
gsm8k_validation_00169,27,0.052734375,0.8330299879189844
gsm8k_validation_00170,218,0.42578125,0.9999999908851596
gsm8k_validation_00171,180,0.3515625,0.9999994516871399
gsm8k_validation_00172,51,0.099609375,0.9688736290177501
gsm8k_validation_00173,48,0.09375,0.9614130933952558
gsm8k_validation_00174,113,0.220703125,0.9997432859864833
gsm8k_validation_00175,397,0.775390625,1.0
gsm8k_validation_00176,70,0.13671875,0.9922884996239903
gsm8k_validation_00177,10,0.01953125,0.4786431676225428
gsm8k_validation_00178,288,0.5625,0.9999999999991475
gsm8k_validation_00179,304,0.59375,0.9999999999999342
gsm8k_validation_00180,419,0.818359375,1.0
gsm8k_validation_00181,172,0.3359375,0.9999987803690841
gsm8k_validation_00182,174,0.33984375,0.9999989994497581
gsm8k_validation_00183,222,0.43359375,0.9999999942657953
gsm8k_validation_00184,5,0.009765625,0.2767516569932351
gsm8k_validation_00185,39,0.076171875,0.9271093860085869
gsm8k_validation_00186,218,0.42578125,0.9999999908851596
gsm8k_validation_00187,192,0.375,0.9999998410036928
gsm8k_validation_00188,106,0.20703125,0.9995418852560962
gsm8k_validation_00189,16,0.03125,0.6495632461477248
gsm8k_validation_00190,241,0.470703125,0.9999999994240144
gsm8k_validation_00191,150,0.29296875,0.9999900332339249
gsm8k_validation_00192,135,0.263671875,0.9999612815714923
gsm8k_validation_00193,239,0.466796875,0.9999999992605397
gsm8k_validation_00194,116,0.2265625,0.999800362043307
gsm8k_validation_00195,3,0.005859375,0.1763482790376425
gsm8k_validation_00196,307,0.599609375,0.9999999999999601
gsm8k_validation_00197,219,0.427734375,0.999999991877251
gsm8k_validation_00198,19,0.037109375,0.7132279826057071
gsm8k_validation_00199,156,0.3046875,0.9999943033085685
gsm8k_validation_00200,304,0.59375,0.9999999999999342
gsm8k_validation_00201,112,0.21875,0.9997209630287862
gsm8k_validation_00202,281,0.548828125,0.9999999999975423
gsm8k_validation_00203,281,0.548828125,0.9999999999975423
gsm8k_validation_00204,219,0.427734375,0.999999991877251
gsm8k_validation_00205,26,0.05078125,0.8212611764947719
gsm8k_validation_00206,29,0.056640625,0.8543575368762868
gsm8k_validation_00207,2,0.00390625,0.12120841487279843
gsm8k_validation_00208,11,0.021484375,0.5118770692880379
gsm8k_validation_00209,53,0.103515625,0.9730492538489443
gsm8k_validation_00210,9,0.017578125,0.4432218966329915
gsm8k_validation_00211,451,0.880859375,1.0
gsm8k_validation_00212,252,0.4921875,0.9999999998593987
gsm8k_validation_00213,305,0.595703125,0.9999999999999443
gsm8k_validation_00214,6,0.01171875,0.3224004675972123
gsm8k_validation_00215,71,0.138671875,0.9928467982937467
gsm8k_validation_00216,315,0.615234375,0.99999999999999
gsm8k_validation_00217,0,0.0,0.0
gsm8k_validation_00218,254,0.49609375,0.999999999891937
gsm8k_validation_00219,95,0.185546875,0.9988850669650301
gsm8k_validation_00220,241,0.470703125,0.9999999994240144
gsm8k_validation_00221,282,0.55078125,0.9999999999978828
gsm8k_validation_00222,321,0.626953125,0.9999999999999966
gsm8k_validation_00223,203,0.396484375,0.9999999510712403
gsm8k_validation_00224,307,0.599609375,0.9999999999999601
gsm8k_validation_00225,142,0.27734375,0.9999792990282071
gsm8k_validation_00226,273,0.533203125,0.9999999999920933
gsm8k_validation_00227,344,0.671875,1.0
gsm8k_validation_00228,103,0.201171875,0.999414682260423
gsm8k_validation_00229,43,0.083984375,0.9449725230217648
gsm8k_validation_00230,238,0.46484375,0.9999999991627598
gsm8k_validation_00231,161,0.314453125,0.9999964528289688
gsm8k_validation_00232,368,0.71875,1.0
gsm8k_validation_00233,19,0.037109375,0.7132279826057071
gsm8k_validation_00234,17,0.033203125,0.6721720689769037
gsm8k_validation_00235,225,0.439453125,0.9999999959674696
gsm8k_validation_00236,284,0.5546875,0.999999999998432
gsm8k_validation_00237,347,0.677734375,1.0
gsm8k_validation_00238,169,0.330078125,0.9999983623448044
gsm8k_validation_00239,22,0.04296875,0.7656231570807317
gsm8k_validation_00240,10,0.01953125,0.4786431676225428
gsm8k_validation_00241,410,0.80078125,1.0
gsm8k_validation_00242,185,0.361328125,0.9999996707426031
gsm8k_validation_00243,16,0.03125,0.6495632461477248
gsm8k_validation_00244,381,0.744140625,1.0
gsm8k_validation_00245,15,0.029296875,0.625447168463267
gsm8k_validation_00246,146,0.28515625,0.9999856060680213
gsm8k_validation_00247,63,0.123046875,0.9870137004826833
gsm8k_validation_00248,448,0.875,1.0
gsm8k_validation_00249,215,0.419921875,0.9999999871526458
gsm8k_validation_00250,104,0.203125,0.9994604772913923
gsm8k_validation_00251,242,0.47265625,0.9999999994920276
gsm8k_validation_00252,227,0.443359375,0.9999999968179747
gsm8k_validation_00253,77,0.150390625,0.9954601348731695
gsm8k_validation_00254,448,0.875,1.0
gsm8k_validation_00255,133,0.259765625,0.9999537998741911
gsm8k_validation_00256,315,0.615234375,0.99999999999999
gsm8k_validation_00257,322,0.62890625,0.9999999999999972
gsm8k_validation_00258,285,0.556640625,0.9999999999986521
gsm8k_validation_00259,280,0.546875,0.9999999999971491
gsm8k_validation_00260,269,0.525390625,0.9999999999860386
gsm8k_validation_00261,373,0.728515625,1.0
gsm8k_validation_00262,9,0.017578125,0.4432218966329915
gsm8k_validation_00263,232,0.453125,0.9999999982536443
gsm8k_validation_00264,304,0.59375,0.9999999999999342
gsm8k_validation_00265,244,0.4765625,0.9999999996054978
gsm8k_validation_00266,10,0.01953125,0.4786431676225428
gsm8k_validation_00267,28,0.0546875,0.84404656603567
gsm8k_validation_00268,18,0.03515625,0.693364985729912
gsm8k_validation_00269,302,0.58984375,0.9999999999999082
gsm8k_validation_00270,143,0.279296875,0.9999810893825244
gsm8k_validation_00271,98,0.19140625,0.9991230758526934
gsm8k_validation_00272,49,0.095703125,0.9640742593679968
gsm8k_validation_00273,179,0.349609375,0.9999993933947429
gsm8k_validation_00274,285,0.556640625,0.9999999999986521
gsm8k_validation_00275,88,0.171875,0.9980609807463904
gsm8k_validation_00276,178,0.34765625,0.999999329118689
gsm8k_validation_00277,97,0.189453125,0.9990498080388193
gsm8k_validation_00278,161,0.314453125,0.9999964528289688
gsm8k_validation_00279,9,0.017578125,0.4432218966329915
gsm8k_validation_00280,221,0.431640625,0.9999999935573222
gsm8k_validation_00281,140,0.2734375,0.9999752127145665
gsm8k_validation_00282,122,0.23828125,0.9998799893001179
gsm8k_validation_00283,366,0.71484375,1.0
gsm8k_validation_00284,410,0.80078125,1.0
gsm8k_validation_00285,270,0.52734375,0.9999999999878771
gsm8k_validation_00286,436,0.8515625,1.0
gsm8k_validation_00287,416,0.8125,1.0
gsm8k_validation_00288,125,0.244140625,0.9999072368953849
gsm8k_validation_00289,64,0.125,0.9879392273970578
gsm8k_validation_00290,108,0.2109375,0.999611336599136
gsm8k_validation_00291,7,0.013671875,0.3652526119388907
gsm8k_validation_00292,243,0.474609375,0.9999999995522316
gsm8k_validation_00293,3,0.005859375,0.1763482790376425
gsm8k_validation_00294,48,0.09375,0.9614130933952558
gsm8k_validation_00295,294,0.57421875,0.9999999999996657
gsm8k_validation_00296,9,0.017578125,0.4432218966329915
gsm8k_validation_00297,320,0.625,0.9999999999999959
gsm8k_validation_00298,2,0.00390625,0.12120841487279843
gsm8k_validation_00299,75,0.146484375,0.994713423894724
gsm8k_validation_00300,30,0.05859375,0.8640067269797213
gsm8k_validation_00301,96,0.1875,0.9989706253753875
gsm8k_validation_00302,82,0.16015625,0.996907402433452
gsm8k_validation_00303,279,0.544921875,0.9999999999966952
gsm8k_validation_00304,159,0.310546875,0.9999957091385937
gsm8k_validation_00305,33,0.064453125,0.8893832376093884
gsm8k_validation_00306,308,0.6015625,0.9999999999999664
gsm8k_validation_00307,288,0.5625,0.9999999999991475
gsm8k_validation_00308,477,0.931640625,1.0
gsm8k_validation_00309,259,0.505859375,0.9999999999445748
gsm8k_validation_00310,437,0.853515625,1.0
gsm8k_validation_00311,393,0.767578125,1.0
gsm8k_validation_00312,58,0.11328125,0.9812529551380259
gsm8k_validation_00313,251,0.490234375,0.9999999998397514
gsm8k_validation_00314,371,0.724609375,1.0
gsm8k_validation_00315,441,0.861328125,1.0
gsm8k_validation_00316,334,0.65234375,0.9999999999999997
gsm8k_validation_00317,3,0.005859375,0.1763482790376425
gsm8k_validation_00318,109,0.212890625,0.9996421218190065
gsm8k_validation_00319,72,0.140625,0.9933658514787809
gsm8k_validation_00320,3,0.005859375,0.1763482790376425
gsm8k_validation_00321,120,0.234375,0.9998576734757635
gsm8k_validation_00322,389,0.759765625,1.0
gsm8k_validation_00323,27,0.052734375,0.8330299879189844
gsm8k_validation_00324,145,0.283203125,0.9999842311252651
gsm8k_validation_00325,131,0.255859375,0.9999449259442857
gsm8k_validation_00326,109,0.212890625,0.9996421218190065
gsm8k_validation_00327,155,0.302734375,0.9999937424035661
gsm8k_validation_00328,349,0.681640625,1.0
gsm8k_validation_00329,259,0.505859375,0.9999999999445748
gsm8k_validation_00330,139,0.271484375,0.999972886634995
gsm8k_validation_00331,32,0.0625,0.8814820402957734
gsm8k_validation_00332,332,0.6484375,0.9999999999999996
gsm8k_validation_00333,445,0.869140625,1.0
gsm8k_validation_00334,20,0.0390625,0.7318419877915436
gsm8k_validation_00335,64,0.125,0.9879392273970578
gsm8k_validation_00336,170,0.33203125,0.9999985151289627
gsm8k_validation_00337,420,0.8203125,1.0
gsm8k_validation_00338,134,0.26171875,0.9999577006763702
gsm8k_validation_00339,185,0.361328125,0.9999996707426031
gsm8k_validation_00340,157,0.306640625,0.9999948153707197
gsm8k_validation_00341,406,0.79296875,1.0
gsm8k_validation_00342,163,0.318359375,0.9999970709635836
gsm8k_validation_00343,164,0.3203125,0.9999973395285273
gsm8k_validation_00344,74,0.14453125,0.9942967479455397
gsm8k_validation_00345,255,0.498046875,0.9999999999053402
gsm8k_validation_00346,184,0.359375,0.9999996351472088
gsm8k_validation_00347,229,0.447265625,0.999999997493536
gsm8k_validation_00348,117,0.228515625,0.9998164944034438
gsm8k_validation_00349,346,0.67578125,1.0
gsm8k_validation_00350,372,0.7265625,1.0
gsm8k_validation_00351,423,0.826171875,1.0
gsm8k_validation_00352,423,0.826171875,1.0
gsm8k_validation_00353,270,0.52734375,0.9999999999878771
gsm8k_validation_00354,39,0.076171875,0.9271093860085869
gsm8k_validation_00355,124,0.2421875,0.9998988986387902
gsm8k_validation_00356,3,0.005859375,0.1763482790376425
gsm8k_validation_00357,234,0.45703125,0.9999999986306354
gsm8k_validation_00358,17,0.033203125,0.6721720689769037
gsm8k_validation_00359,172,0.3359375,0.9999987803690841
gsm8k_validation_00360,416,0.8125,1.0
gsm8k_validation_00361,163,0.318359375,0.9999970709635836
gsm8k_validation_00362,321,0.626953125,0.9999999999999966
gsm8k_validation_00363,273,0.533203125,0.9999999999920933
gsm8k_validation_00364,30,0.05859375,0.8640067269797213
gsm8k_validation_00365,13,0.025390625,0.5722990885914971
gsm8k_validation_00366,422,0.82421875,1.0
gsm8k_validation_00367,449,0.876953125,1.0
gsm8k_validation_00368,262,0.51171875,0.9999999999631216
gsm8k_validation_00369,402,0.78515625,1.0
gsm8k_validation_00370,301,0.587890625,0.9999999999998919
gsm8k_validation_00371,111,0.216796875,0.9996967647006594
gsm8k_validation_00372,197,0.384765625,0.9999999064429479
gsm8k_validation_00373,25,0.048828125,0.808690533962536
gsm8k_validation_00374,368,0.71875,1.0
gsm8k_validation_00375,149,0.291015625,0.9999890696795007
gsm8k_validation_00376,185,0.361328125,0.9999996707426031
gsm8k_validation_00377,107,0.208984375,0.9995779928221182
gsm8k_validation_00378,363,0.708984375,1.0
gsm8k_validation_00379,34,0.06640625,0.896773083948636
gsm8k_validation_00380,252,0.4921875,0.9999999998593987
gsm8k_validation_00381,71,0.138671875,0.9928467982937467
gsm8k_validation_00382,71,0.138671875,0.9928467982937467
gsm8k_validation_00383,268,0.5234375,0.9999999999839312
gsm8k_validation_00384,20,0.0390625,0.7318419877915436
gsm8k_validation_00385,323,0.630859375,0.9999999999999977
gsm8k_validation_00386,318,0.62109375,0.9999999999999941
gsm8k_validation_00387,10,0.01953125,0.4786431676225428
gsm8k_validation_00388,188,0.3671875,0.9999997584962974
gsm8k_validation_00389,320,0.625,0.9999999999999959
gsm8k_validation_00390,180,0.3515625,0.9999994516871399
gsm8k_validation_00391,83,0.162109375,0.997137549229102
gsm8k_validation_00392,310,0.60546875,0.9999999999999761
gsm8k_validation_00393,22,0.04296875,0.7656231570807317
gsm8k_validation_00394,57,0.111328125,0.9798347389782548
gsm8k_validation_00395,78,0.15234375,0.9957941019629594
gsm8k_validation_00396,334,0.65234375,0.9999999999999997
gsm8k_validation_00397,219,0.427734375,0.999999991877251
gsm8k_validation_00398,292,0.5703125,0.9999999999995419
gsm8k_validation_00399,385,0.751953125,1.0
gsm8k_validation_00400,35,0.068359375,0.903683672470903
gsm8k_validation_00401,38,0.07421875,0.9218322374843217
gsm8k_validation_00402,151,0.294921875,0.99999091427402
gsm8k_validation_00403,37,0.072265625,0.9161858076863495
gsm8k_validation_00404,56,0.109375,0.9783128324860476
gsm8k_validation_00405,441,0.861328125,1.0
gsm8k_validation_00406,129,0.251953125,0.9999344105429765
gsm8k_validation_00407,113,0.220703125,0.9997432859864833
gsm8k_validation_00408,362,0.70703125,1.0
gsm8k_validation_00409,0,0.0,0.0
gsm8k_validation_00410,36,0.0703125,0.9101451451772575
gsm8k_validation_00411,162,0.31640625,0.9999967762177807
gsm8k_validation_00412,97,0.189453125,0.9990498080388193
gsm8k_validation_00413,118,0.23046875,0.9998313606796205
gsm8k_validation_00414,56,0.109375,0.9783128324860476
gsm8k_validation_00415,55,0.107421875,0.9766799163438207
gsm8k_validation_00416,47,0.091796875,0.9585614051473301
gsm8k_validation_00417,181,0.353515625,0.9999995045365723
gsm8k_validation_00418,211,0.412109375,0.9999999798112733
gsm8k_validation_00419,307,0.599609375,0.9999999999999601
gsm8k_validation_00420,84,0.1640625,0.997351065370521
gsm8k_validation_00421,448,0.875,1.0
gsm8k_validation_00422,42,0.08203125,0.9409522507311175
gsm8k_validation_00423,95,0.185546875,0.9988850669650301
gsm8k_validation_00424,141,0.275390625,0.9999773449541737
gsm8k_validation_00425,170,0.33203125,0.9999985151289627
gsm8k_validation_00426,188,0.3671875,0.9999997584962974
gsm8k_validation_00427,224,0.4375,0.9999999954634032
gsm8k_validation_00428,319,0.623046875,0.9999999999999951
gsm8k_validation_00429,319,0.623046875,0.9999999999999951
gsm8k_validation_00430,194,0.37890625,0.999999871257849
gsm8k_validation_00431,183,0.357421875,0.9999995958364704
gsm8k_validation_00432,10,0.01953125,0.4786431676225428
gsm8k_validation_00433,103,0.201171875,0.999414682260423
gsm8k_validation_00434,217,0.423828125,0.9999999897761296
gsm8k_validation_00435,454,0.88671875,1.0
gsm8k_validation_00436,23,0.044921875,0.7809293998836226
gsm8k_validation_00437,135,0.263671875,0.9999612815714923
gsm8k_validation_00438,62,0.12109375,0.9860195340124581
gsm8k_validation_00439,330,0.64453125,0.9999999999999993
gsm8k_validation_00440,316,0.6171875,0.9999999999999917
gsm8k_validation_00441,361,0.705078125,1.0
gsm8k_validation_00442,212,0.4140625,0.9999999819575831
gsm8k_validation_00443,56,0.109375,0.9783128324860476
gsm8k_validation_00444,333,0.650390625,0.9999999999999997
gsm8k_validation_00445,4,0.0078125,0.22812991964824247
gsm8k_validation_00446,26,0.05078125,0.8212611764947719
gsm8k_validation_00447,12,0.0234375,0.5430545818285224
gsm8k_validation_00448,215,0.419921875,0.9999999871526458
gsm8k_validation_00449,13,0.025390625,0.5722990885914971
gsm8k_validation_00450,12,0.0234375,0.5430545818285224
gsm8k_validation_00451,15,0.029296875,0.625447168463267
gsm8k_validation_00452,145,0.283203125,0.9999842311252651
gsm8k_validation_00453,32,0.0625,0.8814820402957734
gsm8k_validation_00454,85,0.166015625,0.9975491165577718
gsm8k_validation_00455,31,0.060546875,0.8730353260184119
gsm8k_validation_00456,41,0.080078125,0.9366480867752992
gsm8k_validation_00457,141,0.275390625,0.9999773449541737
gsm8k_validation_00458,85,0.166015625,0.9975491165577718
gsm8k_validation_00459,42,0.08203125,0.9409522507311175
gsm8k_validation_00460,23,0.044921875,0.7809293998836226
gsm8k_validation_00461,13,0.025390625,0.5722990885914971
gsm8k_validation_00462,352,0.6875,1.0
gsm8k_validation_00463,208,0.40625,0.9999999717817468
gsm8k_validation_00464,149,0.291015625,0.9999890696795007
gsm8k_validation_00465,191,0.373046875,0.9999998233985653
gsm8k_validation_00466,59,0.115234375,0.9825743327494426
gsm8k_validation_00467,225,0.439453125,0.9999999959674696
gsm8k_validation_00468,4,0.0078125,0.22812991964824247
gsm8k_validation_00469,248,0.484375,0.999999999763502
gsm8k_validation_00470,342,0.66796875,0.9999999999999999
gsm8k_validation_00471,281,0.548828125,0.9999999999975423
gsm8k_validation_00472,200,0.390625,0.9999999322305667
gsm8k_validation_00473,67,0.130859375,0.9903484625126118
gsm8k_validation_00474,103,0.201171875,0.999414682260423
gsm8k_validation_00475,286,0.55859375,0.9999999999988421
gsm8k_validation_00476,129,0.251953125,0.9999344105429765
gsm8k_validation_00477,325,0.634765625,0.9999999999999983
gsm8k_validation_00478,58,0.11328125,0.9812529551380259
gsm8k_validation_00479,168,0.328125,0.999998194380169
gsm8k_validation_00480,245,0.478515625,0.9999999996526026
gsm8k_validation_00481,443,0.865234375,1.0
gsm8k_validation_00482,328,0.640625,0.9999999999999991
gsm8k_validation_00483,65,0.126953125,0.9888007111544108
gsm8k_validation_00484,227,0.443359375,0.9999999968179747
gsm8k_validation_00485,271,0.529296875,0.9999999999894801
gsm8k_validation_00486,31,0.060546875,0.8730353260184119
gsm8k_validation_00487,1,0.001953125,0.0625
gsm8k_validation_00488,324,0.6328125,0.999999999999998
gsm8k_validation_00489,164,0.3203125,0.9999973395285273
gsm8k_validation_00490,151,0.294921875,0.99999091427402
gsm8k_validation_00491,71,0.138671875,0.9928467982937467
gsm8k_validation_00492,7,0.013671875,0.3652526119388907
gsm8k_validation_00493,8,0.015625,0.40547422860810944
gsm8k_validation_00494,382,0.74609375,1.0
gsm8k_validation_00495,350,0.68359375,1.0
gsm8k_validation_00496,402,0.78515625,1.0
gsm8k_validation_00497,267,0.521484375,0.9999999999815171
gsm8k_validation_00498,313,0.611328125,0.9999999999999858
gsm8k_validation_00499,201,0.392578125,0.9999999391812778
